Month,Furniture,Technology,Office Supplies,West,East
Month 1,31425.167969,21819.177734,29633.474609,29677.767578,19581.693359
Month 2,9716.00293,20182.087891,25796.03125,11175.511719,25088.458984
Month 3,6214.686523,24370.316406,25957.259766,15125.338867,25353.447266
